<?xml version="1.0" encoding="UTF-8"?>
<GenRun Id="impl_1" LaunchPart="xc7a35tcpg236-1" LaunchTime="1625853106">
  <File Type="ROUTE-PWR" Name="Arquitectura_MIPS_power_routed.rpt"/>
  <File Type="PA-TCL" Name="Arquitectura_MIPS.tcl"/>
  <File Type="BITSTR-BMM" Name="Arquitectura_MIPS_bd.bmm"/>
  <File Type="ROUTE-PWR-SUM" Name="Arquitectura_MIPS_power_summary_routed.pb"/>
  <File Type="REPORTS-TCL" Name="Arquitectura_MIPS_reports.tcl"/>
  <File Type="OPT-DCP" Name="Arquitectura_MIPS_opt.dcp"/>
  <File Type="OPT-DRC" Name="Arquitectura_MIPS_drc_opted.rpt"/>
  <File Type="OPT-HWDEF" Name="Arquitectura_MIPS.hwdef"/>
  <File Type="PWROPT-DCP" Name="Arquitectura_MIPS_pwropt.dcp"/>
  <File Type="PLACE-DCP" Name="Arquitectura_MIPS_placed.dcp"/>
  <File Type="PLACE-IO" Name="Arquitectura_MIPS_io_placed.rpt"/>
  <File Type="PLACE-UTIL" Name="Arquitectura_MIPS_utilization_placed.rpt"/>
  <File Type="PLACE-UTIL-PB" Name="Arquitectura_MIPS_utilization_placed.pb"/>
  <File Type="PLACE-CTRL" Name="Arquitectura_MIPS_control_sets_placed.rpt"/>
  <File Type="PLACE-PRE-SIMILARITY" Name="Arquitectura_MIPS_incremental_reuse_pre_placed.rpt"/>
  <File Type="POSTPLACE-PWROPT-DCP" Name="Arquitectura_MIPS_postplace_pwropt.dcp"/>
  <File Type="BG-BIN" Name="Arquitectura_MIPS.bin"/>
  <File Type="PHYSOPT-DCP" Name="Arquitectura_MIPS_physopt.dcp"/>
  <File Type="BITSTR-MSK" Name="Arquitectura_MIPS.msk"/>
  <File Type="ROUTE-ERROR-DCP" Name="Arquitectura_MIPS_routed_error.dcp"/>
  <File Type="ROUTE-DCP" Name="Arquitectura_MIPS_routed.dcp"/>
  <File Type="ROUTE-BLACKBOX-DCP" Name="Arquitectura_MIPS_routed_bb.dcp"/>
  <File Type="ROUTE-DRC" Name="Arquitectura_MIPS_drc_routed.rpt"/>
  <File Type="ROUTE-DRC-PB" Name="Arquitectura_MIPS_drc_routed.pb"/>
  <File Type="ROUTE-DRC-RPX" Name="Arquitectura_MIPS_drc_routed.rpx"/>
  <File Type="BITSTR-LTX" Name="Arquitectura_MIPS.ltx"/>
  <File Type="ROUTE-METHODOLOGY-DRC" Name="Arquitectura_MIPS_methodology_drc_routed.rpt"/>
  <File Type="BITSTR-MMI" Name="Arquitectura_MIPS.mmi"/>
  <File Type="ROUTE-METHODOLOGY-DRC-RPX" Name="Arquitectura_MIPS_methodology_drc_routed.rpx"/>
  <File Type="ROUTE-METHODOLOGY-DRC-PB" Name="Arquitectura_MIPS_methodology_drc_routed.pb"/>
  <File Type="BITSTR-SYSDEF" Name="Arquitectura_MIPS.sysdef"/>
  <File Type="ROUTE-PWR-RPX" Name="Arquitectura_MIPS_power_routed.rpx"/>
  <File Type="ROUTE-STATUS" Name="Arquitectura_MIPS_route_status.rpt"/>
  <File Type="ROUTE-STATUS-PB" Name="Arquitectura_MIPS_route_status.pb"/>
  <File Type="ROUTE-TIMINGSUMMARY" Name="Arquitectura_MIPS_timing_summary_routed.rpt"/>
  <File Type="ROUTE-TIMING-PB" Name="Arquitectura_MIPS_timing_summary_routed.pb"/>
  <File Type="ROUTE-TIMING-RPX" Name="Arquitectura_MIPS_timing_summary_routed.rpx"/>
  <File Type="ROUTE-CLK" Name="Arquitectura_MIPS_clock_utilization_routed.rpt"/>
  <File Type="RDI-RDI" Name="Arquitectura_MIPS.vdi"/>
  <File Type="ROUTE-BUS-SKEW" Name="Arquitectura_MIPS_bus_skew_routed.rpt"/>
  <File Type="ROUTE-BUS-SKEW-PB" Name="Arquitectura_MIPS_bus_skew_routed.pb"/>
  <File Type="ROUTE-BUS-SKEW-RPX" Name="Arquitectura_MIPS_bus_skew_routed.rpx"/>
  <File Type="POSTROUTE-PHYSOPT-DCP" Name="Arquitectura_MIPS_postroute_physopt.dcp"/>
  <File Type="POSTROUTE-PHYSOPT-BLACKBOX-DCP" Name="Arquitectura_MIPS_postroute_physopt_bb.dcp"/>
  <File Type="BG-BIT" Name="Arquitectura_MIPS.bit"/>
  <File Type="BITSTR-RBT" Name="Arquitectura_MIPS.rbt"/>
  <File Type="BITSTR-NKY" Name="Arquitectura_MIPS.nky"/>
  <File Type="PDI-FILE" Name="Arquitectura_MIPS.pdi"/>
  <File Type="RCFI_FILE" Name="Arquitectura_MIPS.rcfi"/>
  <File Type="CFI_FILE" Name="Arquitectura_MIPS.cfi"/>
  <File Type="WBT-USG" Name="usage_statistics_webtalk.html"/>
  <File Type="RNPI_FILE" Name="Arquitectura_MIPS.rnpi"/>
  <File Type="NPI_FILE" Name="Arquitectura_MIPS.npi"/>
  <File Type="RBD_FILE" Name="Arquitectura_MIPS.rbd"/>
  <File Type="BG-BGN" Name="Arquitectura_MIPS.bgn"/>
  <File Type="BG-DRC" Name="Arquitectura_MIPS.drc"/>
  <FileSet Name="sources" Type="DesignSrcs" RelSrcDir="$PSRCDIR/sources_1">
    <Filter Type="Srcs"/>
    <File Path="$PPRDIR/A_L_U.vhd">
      <FileInfo>
        <Attr Name="UsedIn" Val="synthesis"/>
        <Attr Name="UsedIn" Val="simulation"/>
      </FileInfo>
    </File>
    <File Path="$PPRDIR/Banco_De_Registros.vhd">
      <FileInfo>
        <Attr Name="UsedIn" Val="synthesis"/>
        <Attr Name="UsedIn" Val="simulation"/>
      </FileInfo>
    </File>
    <File Path="$PPRDIR/BiestableD.vhd">
      <FileInfo>
        <Attr Name="UsedIn" Val="synthesis"/>
        <Attr Name="UsedIn" Val="simulation"/>
      </FileInfo>
    </File>
    <File Path="$PPRDIR/Contador_De_Programa.vhd">
      <FileInfo>
        <Attr Name="UsedIn" Val="synthesis"/>
        <Attr Name="UsedIn" Val="simulation"/>
      </FileInfo>
    </File>
    <File Path="$PPRDIR/Control_ADDR.vhd">
      <FileInfo>
        <Attr Name="UsedIn" Val="synthesis"/>
        <Attr Name="UsedIn" Val="simulation"/>
      </FileInfo>
    </File>
    <File Path="$PPRDIR/Control_ALU.vhd">
      <FileInfo>
        <Attr Name="UsedIn" Val="synthesis"/>
        <Attr Name="UsedIn" Val="simulation"/>
      </FileInfo>
    </File>
    <File Path="$PPRDIR/Control_Principal.vhd">
      <FileInfo>
        <Attr Name="UsedIn" Val="synthesis"/>
        <Attr Name="UsedIn" Val="simulation"/>
      </FileInfo>
    </File>
    <File Path="$PPRDIR/Decodificador_2_a_4.vhd">
      <FileInfo>
        <Attr Name="UsedIn" Val="synthesis"/>
        <Attr Name="UsedIn" Val="simulation"/>
      </FileInfo>
    </File>
    <File Path="$PPRDIR/Decodificador_3_a_8.vhd">
      <FileInfo>
        <Attr Name="UsedIn" Val="synthesis"/>
        <Attr Name="UsedIn" Val="simulation"/>
      </FileInfo>
    </File>
    <File Path="$PPRDIR/Decodificador_5_a_32.vhd">
      <FileInfo>
        <Attr Name="UsedIn" Val="synthesis"/>
        <Attr Name="UsedIn" Val="simulation"/>
      </FileInfo>
    </File>
    <File Path="$PPRDIR/Desplazador.vhd">
      <FileInfo>
        <Attr Name="UsedIn" Val="synthesis"/>
        <Attr Name="UsedIn" Val="simulation"/>
      </FileInfo>
    </File>
    <File Path="$PPRDIR/Divisor_De_Frecuencia.vhd">
      <FileInfo>
        <Attr Name="UsedIn" Val="synthesis"/>
        <Attr Name="UsedIn" Val="simulation"/>
      </FileInfo>
    </File>
    <File Path="$PPRDIR/Extensor_De_Signo.vhd">
      <FileInfo>
        <Attr Name="UsedIn" Val="synthesis"/>
        <Attr Name="UsedIn" Val="simulation"/>
      </FileInfo>
    </File>
    <File Path="$PPRDIR/Full_Sumador.vhd">
      <FileInfo>
        <Attr Name="UsedIn" Val="synthesis"/>
        <Attr Name="UsedIn" Val="simulation"/>
      </FileInfo>
    </File>
    <File Path="$PPRDIR/LFSR.vhd">
      <FileInfo>
        <Attr Name="UsedIn" Val="synthesis"/>
        <Attr Name="UsedIn" Val="simulation"/>
      </FileInfo>
    </File>
    <File Path="$PPRDIR/Memoria_De_Instrucciones.vhd">
      <FileInfo>
        <Attr Name="UsedIn" Val="synthesis"/>
        <Attr Name="UsedIn" Val="simulation"/>
      </FileInfo>
    </File>
    <File Path="$PPRDIR/Memoria_RAM.vhd">
      <FileInfo>
        <Attr Name="UsedIn" Val="synthesis"/>
        <Attr Name="UsedIn" Val="simulation"/>
      </FileInfo>
    </File>
    <File Path="$PPRDIR/Mux_2_a_1_32_bits.vhd">
      <FileInfo>
        <Attr Name="UsedIn" Val="synthesis"/>
        <Attr Name="UsedIn" Val="simulation"/>
      </FileInfo>
    </File>
    <File Path="$PPRDIR/Mux_2a1_5_bits.vhd">
      <FileInfo>
        <Attr Name="UsedIn" Val="synthesis"/>
        <Attr Name="UsedIn" Val="simulation"/>
      </FileInfo>
    </File>
    <File Path="$PPRDIR/Mux_Control_ADDR.vhd">
      <FileInfo>
        <Attr Name="UsedIn" Val="synthesis"/>
        <Attr Name="UsedIn" Val="simulation"/>
      </FileInfo>
    </File>
    <File Path="$PPRDIR/Mux_Control_Texto.vhd">
      <FileInfo>
        <Attr Name="UsedIn" Val="synthesis"/>
        <Attr Name="UsedIn" Val="simulation"/>
      </FileInfo>
    </File>
    <File Path="$PPRDIR/Mux_DW.vhd">
      <FileInfo>
        <Attr Name="UsedIn" Val="synthesis"/>
        <Attr Name="UsedIn" Val="simulation"/>
      </FileInfo>
    </File>
    <File Path="$PPRDIR/Mux_dir10_or_dir11.vhd">
      <FileInfo>
        <Attr Name="UsedIn" Val="synthesis"/>
        <Attr Name="UsedIn" Val="simulation"/>
      </FileInfo>
    </File>
    <File Path="$PPRDIR/Registro.vhd">
      <FileInfo>
        <Attr Name="UsedIn" Val="synthesis"/>
        <Attr Name="UsedIn" Val="simulation"/>
      </FileInfo>
    </File>
    <File Path="$PPRDIR/Registro_Texto_Claro.vhd">
      <FileInfo>
        <Attr Name="UsedIn" Val="synthesis"/>
        <Attr Name="UsedIn" Val="simulation"/>
      </FileInfo>
    </File>
    <File Path="$PPRDIR/Sumador_Mas_4.vhd">
      <FileInfo>
        <Attr Name="UsedIn" Val="synthesis"/>
        <Attr Name="UsedIn" Val="simulation"/>
      </FileInfo>
    </File>
    <File Path="$PPRDIR/mux32a1.vhd">
      <FileInfo>
        <Attr Name="UsedIn" Val="synthesis"/>
        <Attr Name="UsedIn" Val="simulation"/>
      </FileInfo>
    </File>
    <File Path="$PPRDIR/sumador_1_bit.vhd">
      <FileInfo>
        <Attr Name="UsedIn" Val="synthesis"/>
        <Attr Name="UsedIn" Val="simulation"/>
      </FileInfo>
    </File>
    <File Path="$PPRDIR/Arquitectura_MIPS.vhd">
      <FileInfo>
        <Attr Name="UsedIn" Val="synthesis"/>
        <Attr Name="UsedIn" Val="simulation"/>
      </FileInfo>
    </File>
    <File Path="$PPRDIR/registro_to_displays.vhd">
      <FileInfo>
        <Attr Name="AutoDisabled" Val="1"/>
        <Attr Name="UsedIn" Val="synthesis"/>
        <Attr Name="UsedIn" Val="simulation"/>
      </FileInfo>
    </File>
    <Config>
      <Option Name="DesignMode" Val="RTL"/>
      <Option Name="TopModule" Val="Arquitectura_MIPS"/>
      <Option Name="TopAutoSet" Val="TRUE"/>
    </Config>
  </FileSet>
  <FileSet Name="constrs_in" Type="Constrs" RelSrcDir="$PSRCDIR/constrs_1">
    <Filter Type="Constrs"/>
    <File Path="$PPRDIR/pines.xdc">
      <FileInfo>
        <Attr Name="UsedIn" Val="synthesis"/>
        <Attr Name="UsedIn" Val="implementation"/>
      </FileInfo>
    </File>
    <Config>
      <Option Name="TargetConstrsFile" Val="$PPRDIR/pines.xdc"/>
      <Option Name="ConstrsType" Val="XDC"/>
    </Config>
  </FileSet>
  <FileSet Name="utils" Type="Utils" RelSrcDir="$PSRCDIR/utils_1">
    <Filter Type="Utils"/>
    <Config>
      <Option Name="TopAutoSet" Val="TRUE"/>
    </Config>
  </FileSet>
  <Strategy Version="1" Minor="2">
    <StratHandle Name="Vivado Implementation Defaults" Flow="Vivado Implementation 2019"/>
    <Step Id="init_design"/>
    <Step Id="opt_design"/>
    <Step Id="power_opt_design"/>
    <Step Id="place_design"/>
    <Step Id="post_place_power_opt_design"/>
    <Step Id="phys_opt_design" EnableStepBool="1"/>
    <Step Id="route_design"/>
    <Step Id="post_route_phys_opt_design"/>
    <Step Id="write_bitstream"/>
    <Step Id="write_device_image"/>
  </Strategy>
</GenRun>
